country;year;experts;party_id;party;vote;seat;electionyear;family;govt;position;eu_salience;eu_dissent;eu_asylum;eu_budgets;lrgen;lrecon;lrecon_clear;lrecon_salience;galtan;galtan_clear;galtan_salience;immigrate_policy;immigra_salience;immigrate_dissent;multiculturalism;multicult_salience;multicult_dissent;ethnic_minorities;galtan_new;galtan_new_clear;galtan_new_salience;people_vs_elite;antielite_salience;corrupt_salience;members_vs_leadership;party_name;eu_position;eu_budget;immigrate_salience;multiculture;multiculture_salience;multiculture_dissent
the first;;;;;;;;;;;;;;;;;;;;;;;;;;;;;;;;;;;;;;;;;;
four lines;;;;;;;;;;;;;;;;;;;;;;;;;;;;;;;;;;;;;;;;;;
contain only;;;;;;;;;;;;;;;;;;;;;;;;;;;;;;;;;;;;;;;;;;
nonsense;;;;;;;;;;;;;;;;;;;;;;;;;;;;;;;;;;;;;;;;;;
ger;2017;16;301;CDU;26.799.999;28200001,00;2017;4. Christian-democratic;1;60.625;59.375;4;5.875;40.625;55.625;60.625;60.666.666;64.000.001;58.000.002;55.999.999;6;5.625;65.999.999;73.333.335;66.666.665;65.333.333;56.428.571;56.666.665;58.666.668;47.333.331;58.666.668;Feb 25;15.625;12.307.693;80.625;;;;;;;
ger;2017;16;302;SPD;20. May;44003,00;2017;5. socialist;1;65.625;7.125;3;63.125;53.125;3.875;34.375;67.333.331;72.666.669;36.666.667;6;60.714.288;38.125;65.333.333;51.333.332;41.999.998;64.000.001;42.142.859;03. Aug;40.714.288;58.000.002;51.333.332;36.875;23.125;2;May 75;;;;;;;
ger;2017;16;303;FDP;10. Jul;43901,00;2017;3. liberal;0;45.625;5.625;3.375;4.375;3;65.625;Aug 25;90.666.666;8.333.333;03. Aug;66.666.665;62.142.859;64.375;68.666.668;33.571.429;57.142.859;68.666.668;33.571.429;48.666.668;47.333.331;58.000.002;56.666.665;Mar 75;36.875;22.307.692;81.875;;;;;;;
ger;2017;16;304;Grunen;88.999.996;93999996,00;2017;7. green;0;67.333.331;63.125;2.375;65.625;5.875;29.375;Mar 25;62.666.669;48.000.002;01. Apr;87.333.336;08. May;Feb 25;76.666.665;02. May;15.333.333;78.666.668;22.142.856;23.333.333;15.333.333;88.000.002;89.333.334;65.625;2.625;26.923.077;43.125;;;;;;;
ger;2017;16;306;Linke;91.999.998;96999998,00;2017;6. radical left;0;41.875;46.875;4.875;05. May;46.666.665;14.375;10.625;85.333.338;80.714.283;41.333.332;64.666.667;52.857.141;31.875;55.999.999;67.692.308;03. May;67.142.859;45.714.288;36.666.667;31.333.334;54.666.667;53.333.335;61.999.998;63.125;33.846.154;5.875;;;;;;;
ger;2017;16;308;CSU;61.999.998;43957,00;2017;4. Christian-democratic;1;45.625;5.625;Mar 25;Apr 25;3;7.375;6.125;69.333.334;59.333.334;74.666.667;78.666.668;79.285.712;78.125;88.000.002;27.333.333;86.000.004;87.333.336;22.142.856;69.333.334;73.333.335;87.857.141;80.666.666;34.375;3.625;.83333331;7.875;;;;;;;
ger;2017;16;310;AfD;12. Jun;43903,00;2017;1. radical TAN;0;18.125;7.125;2;01. May;13.125;91.875;75.333.333;35.333.333;33.333.333;94.666.662;88.666.668;92.857.141;93.125;99.333.334;.73333335;98.666.668;90.666.666;10.714.285;86.000.004;88.000.002;93.999.996;97.333.336;7.625;96.875;5;Jun 25;;;;;;;
ger;2017;16;350;LKR;;;2017;2. conservative;0;02. Aug;Aug 75;1;02. May;Jan 25;Jul 75;9;8.666.667;83.846.149;9;66.666.665;76.666.665;08. May;8;0;9.333.333;8.333.333;3;8;08. May;8;07. May;05. May;8;04. May;9;;;;;;;
ger;2017;16;351;BLAU;;;2017;1. radical TAN;0;21.428.571;79.166.665;01. Jun;14.285.715;11.666.666;84.444.447;8.333.333;36.666.667;71.666.665;9;75.999.999;9;9.625;98.000.002;.60000002;9.833.333;8;.60000002;93.999.996;87.142.859;96.000.004;96.000.004;06. May;8.833.333;02. May;9;;;;;;;
gr;2017;13;401;PASOK;59.000.001;53000002,00;2015;5. socialist;0;66.153.846;76.923.075;11.666.666;63.076.925;55.833.335;49.230.771;57.692.308;57.692.308;77.692.308;36.153.846;60.769.229;5;46.923.075;53.076.925;33.846.154;03. Jul;52.307.692;03. Feb;28.333.333;03. May;56.153.846;May 75;3.090.909;16.153.846;56.923.075;61.538.463;;;;;;;
gr;2017;13;402;ND;28. Jan;25,00;2015;2. conservative;0;67.692.308;82.307.692;20.769.231;54.615.383;6;73.333.335;85.384.617;76.923.075;88.461.542;70.769.229;56.923.075;56.923.075;77.692.308;59.230.771;04. May;07. May;59.230.771;50.833.335;64.615.383;72.307.692;65.384.617;65.833.335;18.333.334;22.307.692;6;76.923.075;;;;;;;
gr;2017;13;403;SYRIZA;35.5;48299999,00;2015;6. radical left;1;51.538.463;64.615.383;56.923.075;59.230.771;28.333.333;26.153.846;23.846.154;42.307.692;78.461.537;16.153.846;85.384.617;84.615.383;18.461.539;73.076.925;38.461.537;16.923.077;77.692.308;4;12.307.693;16.923.077;79.230.771;8.583.333;69.166.665;78.461.537;78.461.537;62.307.692;;;;;;;
gr;2017;13;404;KKE;55.999.999;5,00;2015;6. radical left;0;10.769.231;47.692.308;.46153846;25.555.556;10.769.231;.61538464;.23076923;93.076.925;86.153.851;7;71.538.463;33.846.154;18.888.888;33.636.363;.91666669;43.000.002;42.307.692;11.666.666;Feb 25;6;74.166.665;30.833.333;65.833.335;83.846.149;59.230.771;88.461.542;;;;;;;
gr;2017;13;412;ANEL;03. Jul;43893,00;2015;1. radical TAN;1;4;50.769.229;32.307.692;04. May;25.454.545;80.769.234;58.461.537;23.333.333;56.923.075;89.230.766;81.538.458;63.846.154;78.461.537;65.384.617;26.923.077;8.333.333;59.230.771;Feb 75;83.076.925;83.076.925;78.461.537;Aug 25;72.727.275;80.769.234;71.666.665;83.076.925;;;;;;;
gr;2017;13;413;Potami;40.999.999;44015,00;2015;5. socialist;0;68.461.537;83.076.925;12.307.693;66.923.075;6;56.923.075;76.153.846;74.615.383;79.230.771;13.846.154;9;8;39.230.769;62.307.692;21.538.463;29.166.667;66.923.075;24.545.455;13.333.334;17.692.307;8;8.083.333;29.166.667;27.692.308;73.846.154;54.615.383;;;;;;;
gr;2017;13;414;DIMAR;.40000001;.30000001;2015;5. socialist;0;06. May;69.230.771;19.166.666;68.000.002;52.222.223;38.461.537;4;46.999.998;75.384.617;17.692.307;8.083.333;66.363.635;2.909.091;65.454.545;2.090.909;20.999.999;64.545.455;17.777.778;14.166.666;16.923.077;70.769.229;73.333.335;35.454.545;26.363.637;6.818.182;45.833.335;;;;;;;
gr;2017;13;415;XA;7;6,00;2015;1. radical TAN;0;12.307.693;33.846.154;.76923078;13.636.364;13.846.154;99.230.766;Apr 25;56.923.075;45.384.617;10;99.230.766;8;92.307.692;94.615.383;.15384616;98.999.996;8;.27272728;10;9.916.667;99.230.766;9;75.833.335;93.846.149;86.153.851;94.615.383;;;;;;;
gr;2017;13;450;EK;34.000.001;3,00;2015;5. socialist;0;Apr 75;48.461.537;18.888.888;4;Mar 25;56.363.635;05. May;28.461.537;57.692.308;68.333.335;47.692.308;4.181.818;06. May;43.333.335;3;78.571.429;34.285.715;32.857.144;8;67.272.725;38.181.818;45.999.999;7.375;70.833.335;8.333.333;83.846.149;;;;;;;
esp;2017;14;501;PSOE;22.629.999;24299999,00;2016;5. socialist;0;67.142.859;59.285.712;16.428.572;56.923.075;Apr 75;38.571.429;37.857.144;69.285.712;74.285.712;28.571.429;81.428.576;59.285.712;4;47.857.141;15.833.334;4;04. May;2;Mar 75;39.285.715;66.923.075;05. May;35.714.285;21.428.571;49.285.712;49.285.712;;;;;;;
esp;2017;14;502;PP;33.009.998;39139999,00;2016;2. conservative;1;66.428.571;55.714.288;.78571427;39.230.769;51.666.665;71.428.571;79.285.712;08. May;8;82.857.141;80.714.283;59.285.712;80.714.283;62.857.141;11.666.666;84.615.383;49.166.665;18.181.819;8.083.333;86.428.576;71.666.665;61.428.571;.78571427;1;14.285.715;07. May;;;;;;;
esp;2017;14;504;IU;Feb 28;2286,00;2016;6. radical left;0;45.384.617;6;33.333.333;64.166.665;25.454.545;2;13.571.428;87.692.308;84.285.717;13.846.154;90.769.234;61.666.665;12.857.143;66.428.571;17.272.727;20.769.231;58.461.537;15.555.556;20.833.333;18.571.428;07. May;65.714.288;82.142.859;64.285.712;79.285.712;49.230.771;;;;;;;
esp;2017;14;506;EAJ/PNV;11.900.001;14299999,00;2016;8. regionalist;0;62.857.141;59.166.665;18.571.428;4.875;5;58.333.335;54.285.712;66.153.846;73.571.429;62.142.859;7;5.181.818;46.666.665;5.125;18.333.334;61.428.571;32.857.144;01. Jun;02. Aug;06. May;60.999.999;50.999.999;41.666.665;18.461.539;47.777.777;64.444.447;;;;;;;
esp;2017;14;507;EA/EH Bildu;.76999998;.56999999;2016;8. regionalist;0;4;53.636.365;01. Feb;56.666.665;3;14.285.715;12.142.857;8;76.428.571;17.272.727;77.777.777;May 25;1.375;57.142.859;15.714.285;3;4;01. May;.5;19.090.909;66.666.665;64.444.447;76.363.635;Jul 25;6.625;03. May;;;;;;;
esp;2017;14;511;ERC-CatSI;26.600.001;25699999,00;2016;8. regionalist;0;54.285.712;71.538.463;29.230.769;59.166.665;03. Jul;33.571.429;32.307.692;59.285.712;48.571.429;32.142.856;64.285.712;37.857.144;25.833.333;Apr 75;Jan 75;42.727.275;4;22.857.144;.69999999;33.636.363;60.999.999;May 25;84.285.717;05. May;57.857.141;Apr 25;;;;;;;
esp;2017;14;517;CC;.33000001;.30000001;2016;8. regionalist;0;64.000.001;52.727.275;18.333.334;48.333.335;36.666.667;6;63.076.925;06. May;73.571.429;61.111.112;56.666.665;38.888.888;67.142.859;7;01. Aug;07. May;4.625;2;46.999.998;7;5.875;48.888.888;41.111.112;2;Mar 25;55.999.999;;;;;;;
esp;2017;14;525;Podemos;18.870.001;18,00;2016;6. radical left;0;48.571.429;57.142.859;37.142.856;63.846.154;26.666.667;23.846.154;01. May;79.285.712;78.571.429;12.142.857;88.571.424;7;01. May;68.571.429;01. May;22.307.692;57.692.308;01. Jul;01. May;14.285.715;77.272.725;72.142.859;87.857.141;86.428.576;91.428.576;47.142.859;;;;;;;
esp;2017;14;526;C's;13. Jun;91400003,00;2016;3. liberal;0;67.692.308;65.714.288;.92307693;45.384.617;52.727.275;60.714.288;77.857.141;82.142.859;69.285.712;05. May;07. May;05. May;72.857.141;57.142.859;18.181.819;Jul 25;5.090.909;28.888.888;8;60.714.288;69.230.771;64.285.712;36.428.571;53.846.154;85.714.283;7;;;;;;;
esp;2017;14;550;CDC/PDeCAT;2;47150,00;2016;8. regionalist;0;56.428.571;07. May;33.076.923;51.999.998;48.000.002;55.714.288;06. May;06. May;47.142.859;58.571.429;62.857.141;34.285.715;53.076.925;43.333.335;22.222.223;60.833.335;4.375;21.428.571;24.545.455;06. May;6.181.818;48.333.335;75.714.288;43.571.429;25.714.285;49.230.771;;;;;;;
fr;2017;20;601;PCF;02. Jul;27395,00;2017;6. radical left;0;25.789.473;51.578.946;28.499.999;42.352.943;18.421.053;12.631.578;.75;81.999.998;68.947.368;31.052.632;73.499.999;55.500.002;02. Feb;04. May;02. Mar;43.333.335;52.105.265;Jan 85;43.333.335;03. May;7.647.059;6;63.499.999;06. May;6;61.999.998;;;;;;;
fr;2017;20;602;PS;74.000.001;52399998,00;2017;5. socialist;.5;61.052.632;64.000.001;34.210.527;58.000.002;5;34.210.527;33.499.999;56.500.001;63.000.002;2;8;68.499.999;35.999.999;04. May;Mar 55;4.352.941;54.210.525;33.499.999;38.333.333;31.111.112;7;68.947.368;04. May;36.500.001;5;56.842.103;;;;;;;
fr;2017;20;605;EELV;43.000.002;.17;2017;7. green;0;56.999.998;Jun 75;23.157.895;57.222.223;47.222.223;27.368.422;3;63.684.211;48.499.999;Jan 45;89.499.998;79.000.001;01. May;59.499.998;19.411.764;19.375;65.789.475;17.222.222;24.444.444;.8888889;92.222.223;8.333.333;76.500.001;50.999.999;69.444.447;03. Mar;;;;;;;
fr;2017;20;609;LR;15. Aug;19549999,00;2017;2. conservative;0;46.500.001;50.500.002;56.999.998;38.499.999;4;77.368.422;79.499.998;73.499.999;74.000.001;74.000.001;70.999.999;65.500.002;86.000.004;83.000.002;34.000.001;86.470.585;82.222.223;Mar 55;08. May;82.222.223;73.888.888;82.105.265;29.000.001;5;03. May;8;;;;;;;
fr;2017;20;610;FN;13. Feb;43922,00;2017;1. radical TAN;0;01. May;80.500.002;35.999.999;01. Jan;01. May;96.842.108;49.000.001;Mar 95;56.500.001;86.499.996;79.499.998;73.499.999;98.500.004;98.000.002;.94736844;9.833.333;97.777.777;.44999999;98.888.893;97.777.777;93.888.893;92.777.777;81.000.004;96.999.998;7;93.500.004;;;;;;;
fr;2017;20;613;MODEM;40.999.999;73299999,00;2017;3. liberal;.5;69.499.998;82.105.265;.55555558;6;61.666.665;55.263.157;64.736.843;75.555.553;71.999.998;44.000.001;73.157.897;52.105.265;59.444.447;44.117.646;02. Aug;56.666.665;5.125;24.705.882;57.058.825;Apr 75;74.375;59.411.764;30.555.556;30.526.316;57.368.422;80.588.236;;;;;;;
fr;2017;20;621;NC;;0,00;2017;3. liberal;0;57.222.223;69.411.764;.80000001;57.692.308;60.769.229;62.352.943;73.125;75.333.333;75.999.999;54.666.667;73.846.154;48.571.429;63.076.925;46.923.075;23.846.154;60.769.229;54.000.001;Feb 25;61.538.463;53.333.335;74.166.665;60.714.288;27.692.308;28.571.429;41.538.463;Aug 25;;;;;;;
fr;2017;20;626;LREM;28.200.001;53400002,00;2017;3. liberal;.5;7;Aug 75;.55000001;Jun 25;63.000.002;54.736.843;68.499.999;Jul 25;81.999.998;Feb 45;70.500.002;66.999.998;60.500.002;49.473.686;35.555.556;44.705.882;54.444.447;37.894.738;51.666.665;36.666.667;53.333.335;58.888.888;30.999.999;46.999.998;59.499.998;86.499.996;;;;;;;
fr;2017;20;627;Insoumis;11;35462,00;2017;6. radical left;0;Feb 25;71.500.001;26.500.001;Mar 75;15.263.158;1;.60000002;83.500.004;74.000.001;02. Mar;74.000.001;61.578.946;23.499.999;49.000.001;Jan 65;3;53.157.897;01. Aug;31.666.667;26.111.112;78.888.888;71.176.472;84.499.998;94.499.998;07. May;81.499.996;;;;;;;
fr;2017;20;628;DLF;01. Feb;.17;2017;2. conservative;0;Jan 15;79.000.001;10.526.316;Jan 25;11.052.631;85.789.471;67.777.777;59.444.447;49.499.998;84.499.998;8;06. May;95.500.002;91.499.996;11.052.631;9.625;86.111.107;.72222221;97.058.821;94.705.887;95.294.113;9;55.882.354;92.222.223;61.666.665;92.777.777;;;;;;;
it;2017;15;811;LN;40.999.999;29000001,00;2013;8. regionalist;0;01. May;80.714.283;12.307.693;01. May;13.333.334;82.666.664;67.857.141;58.666.668;65.999.999;9;91.538.458;75.714.288;98.666.668;10;.15384616;97.857.141;8.666.667;.27272728;66.666.665;92.307.692;9.454.545;53.333.335;78.333.335;78.461.537;63.333.335;82.307.692;;;;;;;
it;2017;15;814;UDC;01. Aug;43891,00;2013;4. Christian-democratic;0;60.833.335;5.090.909;11.111.112;58.000.002;5.090.909;52.857.141;53.636.365;59.166.665;56.153.846;75.833.335;08. May;67.272.725;49.166.665;Mar 75;27.777.777;74.166.665;56.999.998;22.222.223;5;64.545.455;76.666.665;43.000.002;01. Jun;16.363.636;2;7.090.909;;;;;;;
it;2017;15;815;FI;21. Jun;44027,00;2013;2. conservative;0;47.142.859;53.076.925;47.692.308;36.428.571;27.142.856;65.333.333;8;70.666.666;75.333.333;67.857.141;7;50.714.288;7;58.666.668;30.769.231;73.571.429;64.166.665;3;5.625;64.615.383;7.090.909;54.166.665;Mar 75;36.153.846;16.666.666;90.769.234;;;;;;;
it;2017;15;827;SVP;.40000001;.80000001;2013;8. regionalist;0;6;48.888.888;.66666669;43.333.335;6;04. May;5;66.666.665;Jun 25;05. May;9;04. May;6;26.666.667;1;4;3;1;0;52.857.141;6;Mar 75;16.666.666;.75;3;04. May;;;;;;;
it;2017;15;837;PD;25. Apr;47299999,00;2013;5. socialist;1;06. May;73.846.154;3;60.666.666;47.142.859;03. Aug;37.857.144;67.333.331;71.999.998;25.714.285;8;78.571.429;36.666.667;65.333.333;41.538.463;35.714.285;65.833.335;3.090.909;32.222.223;28.461.537;8;06. May;Feb 75;24.615.386;4;63.846.154;;;;;;;
it;2017;15;843;CD;.5;1,00;2013;4. Christian-democratic;0;6.909.091;68.000.002;1.875;6.181.818;55.555.553;46.153.846;46.999.998;7;Jun 25;5.090.909;7;54.444.447;37.777.777;4.625;31.666.667;45.555.553;6;28.333.333;41.999.998;45.555.553;71.428.571;5.125;2;14.285.715;3.125;7;;;;;;;
it;2017;15;844;FdI;2;43952,00;2013;1. radical TAN;0;18.571.428;70.769.229;.30000001;14.166.666;14.666.667;83.999.996;49.285.712;68.000.002;54.000.001;92.142.859;95.384.617;83.571.424;9.666.667;99.333.334;.07692308;97.142.859;Aug 75;.27272728;81.111.107;94.615.383;9.363.636;May 75;68.333.335;64.615.383;64.166.665;8.363.636;;;;;;;
it;2017;15;845;M5S;25. Jun;43968,00;2013;9. no family;0;26.428.571;65.384.617;40.769.229;32.857.144;01. Aug;51.999.998;39.285.715;21.333.334;45.999.999;49.285.712;22.307.692;32.307.692;64.285.712;48.000.002;48.461.537;06. May;41.666.665;46.363.635;05. May;41.538.463;29.000.001;4.818.182;Sep 75;10;10;83.846.149;;;;;;;
it;2017;15;847;VdA(UV);.0099999998;.15899999;2013;8. regionalist;0;6;May 25;.66666669;;;04. May;5;9;74.166.665;7;;1;;3;;;;;0;6;;6;1;1;0;2;;;;;;;
it;2017;15;850;SI;;;2013;5. socialist;0;04. May;45.999.999;26.363.637;62.727.275;3;13.636.364;.90909094;76.666.665;73.333.335;1;86.999.998;70.999.999;.72727275;73.636.365;.875;01. Feb;7;1.375;33.333.333;12.222.222;8.625;06. May;54.444.447;4;56.666.665;Apr 75;;;;;;;
it;2017;15;851;MDP;;;2013;5. socialist;0;53.636.365;55.454.545;03. Mar;Jun 25;4;22.307.692;18.461.539;68.461.537;72.307.692;2;8.333.333;6.090.909;18.181.819;62.307.692;12.222.222;26.363.637;69.000.001;01. Aug;31.428.571;27.272.727;78.000.002;6;24.545.455;18.181.819;4;57.272.725;;;;;;;
it;2017;15;852;AP;;;2013;4. Christian-democratic;.5;61.111.112;59.000.001;01. Aug;61.999.998;4.818.182;May 25;5.090.909;55.454.545;58.333.335;61.999.998;68.000.002;05. May;41.999.998;47.272.725;3;55.555.553;6;2.625;4;58.000.002;6.125;5.625;01. May;01. Jul;01. Feb;66.666.665;;;;;;;
nl;2017;15;1001;CDA;12. Apr;44024,00;2017;4. Christian-democratic;.5;50.666.666;44.285.712;36.363.637;49.166.665;40.999.999;7;7;7;62.857.141;73.333.335;80.714.283;65.384.617;70.714.288;06. May;4;77.692.308;67.692.308;36.363.637;6.181.818;68.666.668;75.384.617;68.571.429;02. Feb;16.428.572;16.363.636;57.692.308;;;;;;;
nl;2017;15;1002;PvdA;56.999.998;6,00;2017;5. socialist;.5;55.333.333;47.857.141;Apr 25;55.384.617;4.909.091;38.666.666;03. Aug;68.571.429;8;33.333.333;75.714.288;56.153.846;04. May;57.142.859;5;47.692.308;60.769.229;48.000.002;36.363.637;45.333.333;66.153.846;53.571.429;41.999.998;19.230.769;17.272.727;46.923.075;;;;;;;
nl;2017;15;1003;VVD;21.299.999;22,00;2017;3. liberal;1;48.000.002;47.142.859;40.833.335;45.384.617;37.272.727;78.666.668;86.000.004;85.714.283;82.142.859;53.333.335;69.285.712;50.769.229;80.714.283;75.714.288;Feb 75;8;73.846.154;3;7;66.666.665;63.076.925;59.285.712;28.666.666;15.384.616;1;63.571.429;;;;;;;
nl;2017;15;1004;D66;12. Feb;44024,00;2017;3. liberal;.5;68.666.668;78.571.429;11.538.461;66.153.846;62.727.275;54.666.667;65.333.333;77.142.859;65.714.288;1;09. May;08. May;32.857.144;67.857.141;15.833.334;28.461.537;65.384.617;16.363.636;26.363.637;23.333.333;9;76.153.846;54.000.001;2;18.181.819;39.285.715;;;;;;;
nl;2017;15;1005;GL;91.000.004;93000002,00;2017;7. green;0;63.333.335;63.571.429;20.833.333;61.538.463;5;25.999.999;02. Feb;84.285.717;65.714.288;.80000001;93.571.424;78.571.429;01. May;77.142.859;18.333.334;18.461.539;71.538.463;01. Feb;2;01. Apr;92.307.692;84.285.717;52.666.669;26.428.571;19.090.909;27.857.144;;;;;;;
nl;2017;15;1006;SGP;20.999.999;2,00;2017;10. confessional;0;25.999.999;38.461.537;1;2.125;22.222.223;79.285.712;66.428.571;61.428.571;32.857.144;9.666.667;97.142.859;93.571.424;8;54.285.712;11.111.112;9.166.667;55.833.335;.77777779;78.000.002;91.999.998;95.384.617;92.142.859;14.666.667;10.714.285;17.272.727;75.384.617;;;;;;;
nl;2017;15;1014;SP;91.000.004;93000002,00;2017;6. radical left;0;27.333.333;57.857.141;2;Mar 25;2;12.666.667;.73333335;9;83.571.424;45.999.999;06. May;43.076.925;48.571.429;47.142.859;39.000.001;6;52.307.692;32.222.223;56.999.998;55.333.333;52.307.692;46.428.571;70.666.666;50.714.288;25.454.545;76.428.571;;;;;;;
nl;2017;15;1016;CU;34.000.001;43893,00;2017;10. confessional;.5;34.285.715;42.857.141;02. Feb;Mar 75;30.999.999;5;44.000.001;66.923.075;42.142.859;77.333.331;87.142.859;83.571.424;41.428.571;05. May;22.727.273;67.272.725;55.384.617;24.444.444;5;68.666.668;74.615.383;72.307.692;21.538.463;13.571.428;18.181.819;61.538.463;;;;;;;
nl;2017;15;1017;PVV;13. Jan;43903,00;2017;1. radical TAN;0;10.666.667;80.714.283;.53846157;1;1;92.666.664;57.333.331;37.142.856;33.571.429;70.666.666;66.428.571;57.142.859;94.285.717;10;0;99.230.766;99.230.766;.090909094;9.083.333;89.333.334;71.538.463;77.857.141;9.666.667;92.857.141;4.909.091;10;;;;;;;
nl;2017;15;1018;PvdD;03. Feb;43893,00;2017;7. green;0;33.846.154;48.571.429;2;03. May;Feb 75;27.857.144;25.714.285;49.285.712;02. May;19.285.715;66.923.075;59.230.771;02. Aug;3;01. May;2.875;26.363.637;Jan 75;3;21.333.334;7;69.230.771;06. May;31.666.667;20.999.999;06. May;;;;;;;
nl;2017;15;1020;50PLUS;30.999.999;44014,00;2017;9. no family;0;35.555.556;37.692.308;26.666.667;4;02. Aug;52.307.692;43.076.925;51.666.665;60.714.288;48.000.002;54.615.383;38.461.537;56.666.665;35.454.545;2;68.333.335;33.333.333;01. May;05. May;63.333.335;41.111.112;38.888.888;73.000.002;54.545.455;21.818.182;72.857.141;;;;;;;
nl;2017;15;1050;Denk;20.999.999;2,00;2017;9. no family;0;46.666.665;43.076.925;2;5;33.333.333;38.333.333;32.727.273;4.090.909;42.142.859;63.636.365;54.545.455;45.454.545;2.090.909;7.181.818;11.428.572;.30000001;9;.625;1;56.153.846;59.166.665;7;05. May;55.555.553;22.222.223;76.666.665;;;;;;;
nl;2017;15;1051;FvD;01. Aug;43891,00;2017;1. radical TAN;0;11.333.333;82.142.859;.40000001;11.666.666;10.909.091;95.333.338;89.333.334;53.076.925;03. May;71.333.332;67.692.308;61.666.665;97.857.141;94.285.717;.27272728;97.692.308;97.692.308;.090909094;9;90.666.666;76.666.665;8.166.667;98.000.002;09. May;6;8.833.333;;;;;;;
uk;2017;14;1101;Cons;42.400.002;48900002,00;2017;2. conservative;1;23.571.429;94.285.717;77.857.141;15.833.334;13.076.923;76.428.571;78.571.429;6;70.714.288;7;60.769.229;59.230.771;8;81.428.576;5;70.769.229;66.923.075;46.666.665;6;77.692.308;65.833.335;69.166.665;48.461.537;37.692.308;28.461.537;76.923.075;;;;;;;
uk;2017;14;1102;Lab;40;40299999,00;2017;5. socialist;0;03. May;62.857.141;74.285.712;4;28.461.537;26.428.571;20.714.285;62.142.859;77.142.859;28.461.537;67.692.308;46.153.846;5;55.714.288;59.285.712;40.769.229;51.538.463;54.166.665;36.923.077;4;58.333.335;53.333.335;62.307.692;56.666.665;32.307.692;45.384.617;;;;;;;
uk;2017;14;1104;LibDem;74.000.001;44044,00;2017;3. liberal;0;67.857.141;92.857.141;13.571.428;57.692.308;5;04. May;44.285.712;56.153.846;59.285.712;16.923.077;78.461.537;63.846.154;23.571.429;6;27.142.856;30.769.231;53.076.925;24.166.667;32.307.692;26.153.846;78.333.335;69.166.665;55.833.335;33.076.923;39.230.769;Apr 75;;;;;;;
uk;2017;14;1105;SNP;3;54000001,00;2017;8. regionalist;0;67.142.859;79.285.712;19.285.715;56.363.635;51.999.998;33.571.429;35.714.285;68.461.537;69.230.771;23.846.154;7;55.384.617;23.571.429;49.230.771;33.846.154;Mar 25;43.333.335;26.363.637;36.666.667;29.230.769;66.666.665;05. May;71.666.665;52.307.692;38.333.333;56.999.998;;;;;;;
uk;2017;14;1106;Plaid;.5;.60000002;2017;8. regionalist;0;Jun 25;60.714.288;2.090.909;52.222.223;48.000.002;Mar 25;32.727.273;57.777.777;63.076.925;25.454.545;64.545.455;51.999.998;02. Aug;46.999.998;3;34.444.444;4;27.777.777;03. Aug;34.166.667;63.636.365;53.333.335;66.363.635;44.166.665;39.166.667;5;;;;;;;
uk;2017;14;1107;Greens;01. Jun;.1;2017;7. green;0;67.142.859;77.857.141;17.142.857;63.076.925;50.999.999;2;22.857.144;72.307.692;56.428.571;.84615386;86.153.851;76.923.075;14.285.715;64.285.712;29.285.715;16.153.846;51.538.463;16.363.636;28.333.333;.61538464;9.454.545;8.545.455;73.636.365;63.846.154;45.384.617;24.615.386;;;;;;;
uk;2017;14;1108;UKIP;01. Aug;0,00;2017;1. radical TAN;0;10.714.285;98.571.424;12.857.143;12.857.143;12.307.693;86.153.851;67.857.141;37.692.308;34.285.715;92.307.692;83.846.149;66.153.846;93.571.424;97.857.141;3;97.142.859;91.428.576;16.153.846;70.769.229;94.615.383;Sep 25;9.083.333;69.166.665;94.615.383;36.153.846;Jun 25;;;;;;;
uk;2017;14;1150;SF;.69999999;.1;2017;8. regionalist;0;54.545.455;60.833.335;29.000.001;47.142.859;3.875;2.909.091;24.000.001;5.875;53.846.154;4;59.000.001;47.777.777;37.142.856;4;36.666.667;4;45.714.288;Feb 75;42.857.141;03. Aug;5.125;4.875;56.666.665;Jun 75;03. Aug;58.333.335;;;;;;;
uk;2017;14;1151;DUP;.89999998;43952,00;2017;8. regionalist;0;25.833.333;06. May;02. Jul;2.875;24.444.444;8.666.667;7.181.818;55.555.553;49.230.771;93.846.149;87.692.308;76.923.075;81.999.998;64.444.447;03. May;83.000.002;64.444.447;2;62.222.223;90.769.234;9;8.636.364;4;43.333.335;25.999.999;8;;;;;;;
por;2017;12;1201;CDU/PCP-PEV;86.000.004;74000001,00;2015;6. radical left;0;25.454.545;6;12.727.273;55.555.553;15.454.545;16.666.666;10.833.334;09. May;9.333.333;46.666.665;75.454.545;4;Mar 25;34.166.667;16.666.666;4;43.636.365;1.875;34.545.455;46.666.665;68.333.335;4;43.333.335;54.166.665;55.833.335;8.416.667;;;;;;;
por;2017;12;1202;CDS-PP;66.950.002;78260002,00;2015;2. conservative;0;5.909.091;67.272.725;21.818.182;04. May;46.363.635;78.333.335;76.666.665;70.833.335;8;Aug 25;77.272.725;52.727.275;59.166.665;48.333.335;26.666.667;67.272.725;51.999.998;Feb 75;55.454.545;8.166.667;7;45.454.545;Mar 25;29.166.667;45.833.335;78.333.335;;;;;;;
por;2017;12;1205;PS;33.599.998;37400002,00;2015;5. socialist;1;65.454.545;7.818.182;02. Jul;63.636.365;5.090.909;38.333.333;Mar 75;07. May;8.916.667;30.833.333;7;05. May;31.666.667;43.333.335;26.666.667;37.272.727;4.818.182;3.125;34.545.455;Mar 75;65.833.335;49.166.665;Mar 25;23.333.333;41.666.665;73.333.335;;;;;;;
por;2017;12;1206;PSD;33.105;38695999,00;2015;3. liberal;0;65.454.545;73.636.365;22.727.273;5;54.000.001;Jun 75;Jul 25;68.333.335;8.416.667;69.166.665;6.181.818;44.545.455;48.333.335;40.833.335;34.444.444;6.181.818;46.999.998;3.625;55.454.545;63.333.335;Jun 25;38.181.818;Feb 75;2;35.833.333;73.333.335;;;;;;;
por;2017;12;1208;BE/O Bloco;10. Jun;83000002,00;2015;6. radical left;0;3;56.363.635;31.818.182;7;2;15.833.334;1;8.833.333;8.916.667;.58333331;9.090.909;71.666.665;1;50.833.335;15.555.556;18.181.819;55.454.545;1.625;12.727.273;.83333331;8.083.333;70.833.335;64.166.665;61.666.665;73.333.335;53.333.335;;;;;;;
por;2017;12;1209;MPT;.40000001;0,00;2015;7. green;0;4;48.888.888;Mar 75;Jun 75;2;46.666.665;03. May;2.625;63.636.365;4;05. May;05. May;3;37.142.856;Feb 75;41.999.998;36.666.667;2;35.999.999;03. May;07. May;6;6;5.625;78.000.002;Apr 75;;;;;;;
por;2017;12;1250;PAN;01. Apr;.40000001;2015;7. green;0;45.999.999;48.000.002;26.666.667;64.000.001;02. May;34.166.667;32.727.273;36.666.667;5;13.333.334;7.181.818;8.090.909;Feb 25;38.888.888;02. May;28.571.429;4;23.333.333;3;15.833.334;8.636.364;07. May;7;46.999.998;67.142.859;41.999.998;;;;;;;
por;2017;12;1251;PDR;Jan 15;0,00;2015;3. liberal;0;03. May;52.222.223;Mar 75;6;2;45.454.545;38.571.429;3.375;6.818.182;04. May;42.857.141;38.333.333;4;04. May;26.666.667;51.999.998;4;2;33.333.333;May 75;68.000.002;04. May;52.857.141;75.555.553;81.111.107;78.333.335;;;;;;;
swe;2017;18;1601;V;56.999.998;6,00;2014;6. radical left;0;24.705.882;Mar 75;30.666.666;45.625;13.888.888;15.555.556;12.352.941;86.111.107;73.888.888;18.888.888;80.555.553;67.777.777;18.333.334;76.666.665;3;18.888.888;66.111.112;22.222.223;01. May;02. May;83.888.893;71.111.112;51.764.708;50.555.553;19.411.764;47.222.223;;;;;;;
swe;2017;18;1602;SAP;31;32400002,00;2014;5. socialist;1;57.647.057;44.705.882;44.375;66.111.112;33.888.888;38.888.888;34.705.882;69.444.447;77.222.223;44.117.646;05. May;05. May;66.666.665;7.647.059;74.444.447;49.444.447;72.777.777;56.666.665;40.666.666;05. May;53.333.335;06. May;21.176.472;19.444.444;22.352.941;68.333.335;;;;;;;
swe;2017;18;1603;C;60.999.999;63000002,00;2014;11. agrarian/center;0;5.647.059;4;34.375;62.222.223;32.941.177;68.888.888;78.823.528;76.666.665;06. May;22.222.223;77.777.777;75.555.553;33.333.333;80.555.553;37.222.223;38.888.888;76.666.665;32.222.223;32.666.667;37.222.223;76.111.112;8;37.647.059;21.666.667;2;59.444.447;;;;;;;
swe;2017;18;1604;FP;54.000.001;54000001,00;2014;3. liberal;0;69.375;62.352.943;14.375;06. May;53.333.335;65.555.553;71.176.472;69.444.447;65.555.553;31.666.667;68.333.335;61.111.112;58.888.888;71.666.665;46.111.112;56.666.665;71.111.112;38.333.333;40.666.666;49.444.447;71.111.112;71.666.665;32.941.177;2;20.588.236;64.444.447;;;;;;;
swe;2017;18;1605;M;23.299.999;43854,00;2014;2. conservative;0;61.764.708;45.882.354;26.875;61.666.665;34.444.444;79.444.447;84.117.651;76.666.665;8;58.888.888;56.111.112;66.666.665;75.555.553;86.111.107;59.444.447;71.111.112;81.111.107;45.555.553;52.666.669;70.555.553;62.222.223;78.333.335;25.882.354;19.444.444;22.941.177;7.352.941;;;;;;;
swe;2017;18;1606;KD;45.999.999;45999999,00;2014;4. Christian-democratic;0;57.647.057;37.058.823;29.333.334;61.666.665;34.444.444;78.333.335;7.647.059;62.222.223;59.444.447;70.555.553;72.222.223;07. May;75.555.553;78.888.888;62.777.777;75.294.118;76.666.665;38.823.528;56.666.665;80.555.553;73.333.335;82.777.777;33.529.413;34.444.444;19.411.764;64.444.447;;;;;;;
swe;2017;18;1607;MP;69.000.001;71999998,00;2014;7. green;1;41.176.472;4;Apr 25;61.666.665;26.666.667;31.176.472;36.470.587;04. May;43.333.335;16.111.112;8;8;25.555.556;8.333.333;51.666.665;2;72.777.777;47.222.223;18.666.667;16.666.666;82.222.223;87.222.223;07. May;34.444.444;2;41.111.112;;;;;;;
swe;2017;18;1610;SD;12. Sep;14,00;2014;1. radical TAN;0;14.705.882;55.882.354;18.666.667;16.111.112;10.555.556;8;59.411.764;35.555.556;37.777.777;89.444.447;8.833.333;92.222.223;98.888.893;99.444.447;01. May;99.444.447;93.888.893;.44444445;94.705.887;94.444.447;95.555.553;95.555.553;71.999.998;87.222.223;28.823.528;9;;;;;;;
swe;2017;18;1611;PIRAT;.40000001;0,00;2014;9. no family;0;34.000.001;63.333.335;3;4;16.666.666;45.999.999;53.333.335;02. Feb;65.882.354;1;71.428.571;6;.66666669;01. Apr;3;02. May;13.333.334;2;2;18.571.428;04. May;05. May;82.857.141;07. May;04. May;16.666.666;;;;;;;
swe;2017;18;1612;FI;30.999.999;0,00;2014;9. no family;0;30.999.999;May 75;21.428.571;Feb 75;25.999.999;15.333.333;17.272.727;45.384.617;47.647.057;.8125;86.875;93.076.925;1;72.307.692;23.846.154;14.285.715;07. May;12.857.143;11.428.572;01. Apr;85.333.338;87.692.308;63.000.002;65.833.335;2;38.888.888;;;;;;;
cz;2017;14;2101;CSSD;73.000.002;43958,00;2017;5. socialist;.5;05. May;56.428.571;51.428.571;27.692.308;37.142.856;29.285.715;24.285.715;73.571.429;62.857.141;5;63.076.925;5;68.571.429;61.428.571;56.428.571;64.285.712;63.571.429;51.538.463;52.727.275;57.857.141;56.428.571;53.571.429;56.428.571;19.285.715;47.142.859;57.142.859;;;;;;;
cz;2017;14;2102;ODS;11. Mar;43963,00;2017;2. conservative;0;33.571.429;63.571.429;38.571.429;20.769.231;17.142.857;75.714.288;83.571.424;84.285.717;86.428.576;68.461.537;73.571.429;60.714.288;8;69.285.712;3;77.857.141;64.285.712;29.285.715;7;76.428.571;77.857.141;58.571.429;23.571.429;23.571.429;52.857.141;6;;;;;;;
cz;2017;14;2103;KSCM;78.000.002;43958,00;2017;6. radical left;0;2;43.571.429;16.153.846;15.384.616;12.142.857;.85714287;.5;76.428.571;58.571.429;82.857.141;82.142.859;59.285.712;88.571.424;71.428.571;14.285.715;90.714.283;62.142.859;1;82.307.692;83.571.424;84.285.717;62.142.859;67.142.859;67.857.141;57.857.141;72.307.692;;;;;;;
cz;2017;14;2104;KDU-CSL;58.000.002;5,00;2017;4. Christian-democratic;.5;62.142.859;63.571.429;20.714.285;34.615.386;41.428.571;54.285.712;48.571.429;65.714.288;55.714.288;77.142.859;8;7;65.714.288;52.142.859;35.714.285;72.142.859;53.571.429;4;05. May;72.857.141;69.285.712;62.857.141;38.461.537;16.428.572;44.285.712;56.428.571;;;;;;;
cz;2017;14;2109;TOP09;53.000.002;43954,00;2017;2. conservative;0;68.571.429;81.428.576;.71428573;46.153.846;45.714.288;74.285.712;77.857.141;79.285.712;74.285.712;50.714.288;69.285.712;68.571.429;46.428.571;50.714.288;37.142.856;47.142.859;51.428.571;35.714.285;03. May;52.857.141;06. May;68.571.429;32.142.856;16.428.572;56.428.571;62.142.859;;;;;;;
cz;2017;14;2111;ANO;29. Jun;39,00;2017;9. no family;1;40.714.288;04. May;37.692.308;Feb 25;21.538.463;49.230.771;58.461.537;3;64.285.712;51.428.571;3;29.285.715;76.428.571;66.428.571;23.571.429;77.857.141;57.857.141;22.142.856;66.999.998;63.076.925;3;3;62.142.859;91.428.576;86.428.576;98.571.424;;;;;;;
cz;2017;14;2114;Pirates;10. Aug;11,00;2017;9. no family;0;52.142.859;44.285.712;40.833.335;41.999.998;3.625;53.000.002;58.333.335;31.538.463;41.428.571;12.307.693;70.714.288;7;46.363.635;4;36.666.667;39.000.001;32.727.273;44.444.447;3.375;18.571.428;64.285.712;64.285.712;75.714.288;81.538.458;9;23.076.923;;;;;;;
cz;2017;14;2115;SPD;Oct 64;11,00;2017;1. radical TAN;0;10.714.285;76.428.571;.14285715;1;1;82.307.692;49.166.665;20.769.231;25.714.285;9.083.333;70.714.288;68.571.429;99.285.717;99.285.717;.14285715;97.857.141;92.142.859;.071428575;99.285.717;95.714.283;88.571.424;84.285.717;97.142.859;99.285.717;08. May;98.571.424;;;;;;;
cz;2017;14;2116;STAN;51.999.998;3,00;2017;9. no family;0;61.428.571;59.285.712;15.384.616;03. Aug;42.222.223;65.714.288;06. May;56.428.571;57.142.859;49.230.771;47.857.141;51.428.571;53.333.335;33.846.154;03. Mar;55.555.553;31.818.182;33.636.363;48.571.429;52.307.692;Apr 75;46.363.635;37.272.727;23.076.923;62.307.692;5;;;;;;;
est;2017;15;2201;IRL;13. Jul;44087,00;2015;2. conservative;1;60.666.666;71.333.332;22.307.692;03. Aug;40.833.335;72.666.669;68.666.668;65.999.999;62.666.669;71.999.998;76.666.665;73.333.335;69.333.334;71.999.998;31.428.571;77.333.331;75.333.333;31.428.571;75.999.999;76.666.665;78.666.668;72.857.141;28.666.666;02. Aug;62.857.141;72.142.859;;;;;;;
est;2017;15;2202;EK;24.799.999;26700001,00;2015;3. liberal;1;61.333.332;06. May;37.857.144;48.666.668;43.846.154;03. Aug;31.333.334;65.333.333;71.333.332;51.333.332;57.333.331;55.333.333;48.666.668;45.999.999;4;4;55.999.999;38.571.429;15.333.333;5;50.666.666;47.333.331;45.999.999;38.666.666;27.142.856;7;;;;;;;
est;2017;15;2203;ER;27.700.001;29700001,00;2015;3. liberal;0;67.333.331;8;10.714.285;49.333.334;51.538.463;68.000.002;82.666.664;84.666.662;81.999.998;28.666.666;79.333.334;56.666.665;45.333.333;50.666.666;30.833.333;57.333.331;55.333.333;3;55.999.999;44.666.667;61.999.998;49.333.334;24.000.001;15.333.333;49.285.712;66.428.571;;;;;;;
est;2017;15;2204;SDE;15. Feb;44088,00;2015;5. socialist;1;68.000.002;83.999.996;.9285714;55.999.999;56.923.075;28.666.666;29.333.334;79.333.334;68.000.002;14.666.667;88.000.002;8;31.333.334;59.333.334;25.384.614;24.666.667;61.999.998;22.857.144;20.666.666;20.666.666;78.000.002;74.000.001;4;27.333.333;51.428.571;59.285.712;;;;;;;
est;2017;15;2208;EVE;86.999.998;79000001,00;2015;2. conservative;0;55.714.288;58.666.668;26.666.667;33.636.363;03. May;63.571.429;66.153.846;30.714.285;4;49.166.665;04. May;56.153.846;6.909.091;52.727.275;40.999.999;May 75;54.545.455;44.000.001;62.307.692;46.428.571;47.857.141;55.384.617;84.615.383;81.428.576;9;35.555.556;;;;;;;
est;2017;15;2209;EKRE;81.999.998;69000001,00;2015;1. radical TAN;0;28.666.666;68.000.002;26.428.571;12.666.667;17.142.857;90.666.666;60.666.666;42.666.669;34.666.667;92.666.664;9.333.333;93.999.996;98.000.002;97.333.336;.9285714;94.666.662;85.333.338;.78571427;95.333.338;09. May;90.666.666;88.000.002;71.333.332;85.333.338;78.571.429;89.230.766;;;;;;;
hun;2017;22;2301;MSzP;19. May;43996,00;2014;5. socialist;0;63.636.365;67.272.725;20.999.999;46.666.665;48.000.002;29.545.455;31.818.182;45.500.002;68.571.429;39.047.618;5;46.999.998;48.095.236;46.999.998;60.714.288;45.625;34.117.646;45.833.335;44.117.646;46.842.103;33.888.888;50.999.999;40.588.236;43.000.002;61.999.998;55.263.157;;;;;;;
hun;2017;22;2302;Fidesz;39.5;58799999,00;2014;2. conservative;1;26.363.637;77.727.275;3;10.454.545;11.363.636;8.727.273;4.090.909;64.285.712;61.428.571;92.380.953;91.999.998;83.500.004;9.909.091;99.047.623;.42105263;Sep 75;78.823.528;.875;68.333.335;93.809.528;97.894.735;88.571.424;50.555.553;64.000.001;1;99.499.998;;;;;;;
hun;2017;22;2308;JOBBIK;20.200.001;43993,00;2014;1. radical TAN;0;31.818.182;60.454.545;52.857.141;11.818.181;18.181.819;8.454.545;41.999.998;53.333.335;58.095.236;9;81.000.004;74.000.001;9.636.364;89.523.811;22.352.941;9.666.667;67.058.825;14.666.667;7;89.523.811;76.842.103;79.523.811;72.142.859;83.999.996;86.499.996;81.052.628;;;;;;;
hun;2017;22;2309;LMP;53.000.002;43953,00;2014;7. green;0;59.047.618;62.380.953;02. Aug;45.500.002;42.222.223;37.142.856;02. Jul;55.789.475;May 25;02. Aug;65.263.157;66.842.103;44.000.001;45.789.475;48.571.429;33.125;46.875;37.692.308;26.875;22.631.578;7;72.631.578;67.222.223;06. May;88.095.236;46.999.998;;;;;;;
hun;2017;22;2310;E14;20.999.999;43952,00;2014;9. no family;0;69.000.001;74.761.906;10.476.191;59.000.001;58.421.054;38.571.429;50.500.002;65.555.553;55.999.999;2;78.888.888;71.052.632;29.523.809;47.777.777;24.285.715;3;4.375;28.461.537;26.470.587;2;8;71.578.946;49.411.764;48.499.999;88.000.002;64.444.447;;;;;;;
hun;2017;22;2311;DK;02. Jul;2,00;2014;5. socialist;0;69.499.998;8.333.333;.71428573;59.499.998;58.888.888;35.714.285;May 25;62.631.578;60.999.999;Feb 55;66.842.103;71.052.632;3;53.333.335;19.411.764;36.666.667;44.375;23.846.154;34.117.646;25.789.473;67.777.777;64.210.525;Apr 75;44.499.998;81.999.998;86.999.998;;;;;;;
hun;2017;22;2312;PM;.69999999;.5;2014;7. green;0;66.842.103;71.904.764;01. Mar;58.947.368;53.157.897;25.999.999;31.052.632;65.294.118;6;15.789.474;73.684.211;66.111.112;29.473.684;48.333.335;18.666.667;29.285.715;43.333.335;29.000.001;24.285.715;13.684.211;79.411.764;77.777.777;67.222.223;57.368.422;85.500.002;58.235.292;;;;;;;
hun;2017;22;2313;MLP;.69999999;.5;2014;3. liberal;0;64.705.882;74.210.525;.58823532;61.999.998;58.125;42.941.175;6.647.059;62.142.859;61.999.998;1.875;Jul 25;67.142.859;2;48.333.335;21.818.182;23.333.333;41.999.998;3;2.909.091;17.333.333;73.076.925;76.153.846;03. May;36.666.667;81.538.458;08. May;;;;;;;
pol;2017;22;2601;SLD;01. Sep;0,00;2015;5. socialist;0;65.714.288;71.500.001;01. May;51.578.946;47.647.057;36.190.476;36.666.667;48.571.429;46.500.001;30.952.382;62.380.953;62.857.141;43.157.897;42.105.265;35.384.614;39.444.444;32.352.941;30.833.333;35.333.333;3;51.904.764;48.421.054;37.619.047;22.727.273;Mar 45;62.105.265;;;;;;;
pol;2017;22;2603;PO;24. Jan;30,00;2015;4. Christian-democratic;.5;68.095.236;87.619.047;19.047.619;46.666.665;51.052.632;6;67.142.859;63.333.335;60.999.999;53.333.335;49.523.811;56.666.665;45.714.288;48.571.429;44.499.998;51.578.946;41.111.112;39.333.334;37.368.422;43.636.365;57.142.859;53.333.335;37.619.047;18.636.364;4;73.333.335;;;;;;;
pol;2017;22;2605;PiS;37.599.998;51099998,00;2015;1. radical TAN;.5;30.952.382;62.857.141;39.047.618;11.904.762;2;82.857.141;25.714.285;69.047.618;7;91.904.764;88.095.236;82.857.141;97.142.859;9;1;91.052.628;63.333.335;13.333.334;78.947.368;8.954.545;83.999.996;74.285.712;41.428.571;8.272.727;80.476.189;9.636.364;;;;;;;
pol;2017;22;2606;PSL;50.999.999;43954,00;2015;11. agrarian/center;.5;58.095.236;6;20.999.999;34.285.715;38.888.888;6;38.095.238;57.619.047;51.999.998;72.380.953;6;57.619.047;62.380.953;43.333.335;29.375;70.625;36.111.112;3;55.625;66.666.665;64.285.712;54.285.712;38.095.238;28.095.238;35.714.285;56.363.635;;;;;;;
pol;2017;22;2613;TR;01. Sep;0,00;2015;3. liberal;0;65.294.118;67.222.223;.71428573;55.384.617;04. May;31.052.632;45.625;5;49.473.686;13.333.334;79.333.334;8.375;25.833.333;5;01. May;26.363.637;36.666.667;22.857.144;02. May;18.888.888;68.571.429;73.333.335;May 25;4.181.818;49.166.665;5.090.909;;;;;;;
pol;2017;22;2617;Kukiz;88.000.002;91000004,00;2015;1. radical TAN;0;32.380.953;42.857.141;37.368.422;14.285.715;16.842.105;83.000.002;53.000.002;39.523.809;41.500.001;85.238.094;64.761.906;67.142.859;94.761.906;78.000.002;22.777.777;87.894.735;55.882.354;17.857.143;74.444.447;8.454.545;70.476.189;67.619.047;86.190.472;9.045.455;84.761.906;65.238.094;;;;;;;
pol;2017;22;2618;Nowo;75.999.999;60999999,00;2015;3. liberal;0;7;83.809.528;10.952.381;51.999.998;54.444.447;53.333.335;80.500.002;81.904.764;76.500.001;29.523.809;75.238.094;76.666.665;33.809.524;5;24.736.843;32.631.578;04. May;3;3;27.272.727;68.571.429;61.428.571;43.499.999;22.380.953;04. May;49.545.455;;;;;;;
pol;2017;22;2619;Korwin;48.000.002;0,00;2015;2. conservative;0;14.285.715;64.499.998;01. Feb;11.428.572;11.666.666;9;98.000.002;89.499.998;71.111.112;8.333.333;81.999.998;78.333.335;97.222.223;8;.94117647;95.294.113;58.571.429;11.538.461;7.647.059;91.904.764;78.421.054;71.111.112;4;75.999.999;64.000.001;83.999.996;;;;;;;
pol;2017;22;2620;Razem;35.999.999;0,00;2015;5. socialist;0;61.500.001;05. May;13.529.412;63.157.897;43.333.335;13.809.524;.76190478;86.190.472;78.000.002;.71428573;92.380.953;8.666.667;12.631.578;64.210.525;.7647059;13.888.888;57.058.825;14.615.384;18.888.888;.81818181;80.500.002;76.500.001;66.666.665;66.190.476;6;Feb 25;;;;;;;
slo;2017;20;2803;Smer;28.299.999;32700001,00;2016;5. socialist;1;May 75;69.499.998;Jan 95;25.999.999;5;38.421.052;29.000.001;05. May;07. May;73.499.999;6;49.499.998;84.210.529;83.684.206;13.684.211;88.947.372;69.000.001;13.157.895;6;69.499.998;56.500.001;48.000.002;Feb 45;42.105.265;Mar 95;93.999.996;;;;;;;
slo;2017;20;2804;SMK-MKP;40.999.999;0,00;2016;8. regionalist;0;52.857.141;51.666.665;2.090.909;3;03. Aug;69.411.764;May 75;44.666.667;50.526.314;77.142.859;67.857.141;6;76.666.665;45.999.999;22.857.144;59.230.771;46.666.665;22.727.273;.2;6.875;77.857.141;68.333.335;36.153.846;03. May;03. May;67.857.141;;;;;;;
slo;2017;20;2805;KDH;49.000.001;0,00;2016;4. Christian-democratic;0;50.999.999;52.631.578;23.846.154;33.333.333;38.571.429;71.052.632;6;58.947.368;50.526.314;80.500.002;79.444.447;8;71.875;57.692.308;2;83.529.415;05. May;2;62.142.859;74.736.843;79.499.998;7.647.059;30.666.666;37.222.223;57.222.223;65.500.002;;;;;;;
slo;2017;20;2809;SNS;86.000.004;10,00;2016;1. radical TAN;0;Mar 75;46.315.789;36.470.587;20.526.316;24.615.386;75.789.475;46.999.998;35.263.157;40.999.999;86.000.004;8;74.000.001;93.684.206;83.684.206;.69999999;96.315.794;71.999.998;.63157892;79.000.001;86.999.998;83.500.004;79.000.001;03. May;51.052.632;02. Jul;88.000.002;;;;;;;
slo;2017;20;2812;SaS;12. Jan;14,00;2016;3. liberal;0;28.947.368;65.500.002;57.368.422;Jan 85;15.555.556;74.210.525;08. May;8;83.500.004;40.500.002;68.000.002;63.499.999;88.947.372;84.210.529;49.499.998;82.631.578;Jul 25;44.499.998;54.444.447;45.263.157;6;60.999.999;51.999.998;59.444.447;Aug 25;83.500.004;;;;;;;
slo;2017;20;2813;Most‚ÄìHid;06. May;73000002,00;2016;8. regionalist;.5;63.000.002;69.000.001;1;45.263.157;5;58.421.054;59.499.998;59.000.001;59.499.998;45.999.999;6;54.000.001;59.473.686;5;24.705.882;46.842.103;48.000.002;31.111.112;.75;41.500.001;64.499.998;50.500.002;31.500.001;29.473.684;50.500.002;70.999.999;;;;;;;
slo;2017;20;2814;OLaNO-NOVA;11;44024,00;2016;2. conservative;0;42.105.265;45.263.157;40.588.236;24.117.646;29.230.769;68.888.888;66.842.103;03. Jul;51.999.998;76.999.998;66.500.001;Jun 25;8.333.333;67.058.825;27.777.777;84.117.651;59.000.001;22.941.177;58.333.335;68.499.999;54.000.001;05. May;69.499.998;75.263.157;91.999.998;78.499.999;;;;;;;
slo;2017;20;2816;Siet;55.999.999;66999998,00;2016;9. no family;.5;56.363.635;49.375;25.555.556;4;43.333.335;60.833.335;63.846.154;5.090.909;63.333.335;Jun 25;57.777.777;May 75;53.333.335;58.571.429;28.333.333;48.571.429;5;3;43.333.335;47.777.777;05. May;52.857.141;46.666.665;Mar 75;5.625;7;;;;;;;
slo;2017;20;2817;Kotleba LSNS;8;93000002,00;2016;1. radical TAN;0;Jan 15;62.105.265;.88235295;01. Feb;1;97.222.223;50.714.288;33.157.895;27.368.422;98.000.002;91.000.004;81.000.004;97.894.735;95.789.471;.25;99.473.686;79.000.001;.30000001;Sep 75;98.500.004;Sep 75;90.500.002;7;94.736.843;7;09. May;;;;;;;
slo;2017;20;2818;Sme Rodina;65.999.999;73000002,00;2016;2. conservative;0;29.473.684;46.842.103;19.166.666;Jan 75;16.153.846;76.842.103;66.666.665;26.842.105;03. Feb;84.444.447;66.500.001;70.555.553;90.526.314;80.555.553;1;94.117.651;63.499.999;.94444442;84.705.887;85.500.002;70.500.002;77.894.735;71.999.998;08. May;75.789.475;92.631.578;;;;;;;